url_path,views_total,views_unique
/grp-bork/reCOGnise,11,3
/grp-bork/reCOGnise/blob/main/modules/recognise.nf,2,1
/grp-bork/reCOGnise/tree/main/modules,2,1
/grp-bork/reCOGnise/tree/main/recognise,2,1
/grp-bork/reCOGnise/actions/runs/25503062386,1,1
/grp-bork/reCOGnise/actions/runs/25503062386/job/74841060661,1,1
/grp-bork/reCOGnise/actions/runs/26188563621/job/77050593729,1,1
/grp-bork/reCOGnise/actions/workflows/docker-publish.yml,1,1
/grp-bork/reCOGnise/blob/main/main.nf,1,1
/grp-bork/reCOGnise/blob/main/setup.py,1,1
